"Txhash","Blockno","UnixTimestamp","DateTime","From","To","ContractAddress","Value_IN(ETH)","Value_OUT(ETH)","CurrentValue @ $1780.84/Eth","TxnFee(ETH)","TxnFee(USD)","Historical $Price/Eth","Status","ErrCode"
"0xd66ba5bdf61590bc37ae828f15b89027329d7129fe1475b98948a8b88ef71a7e","11959796","1614700957","2021-03-02 16:02:37","0xc5ddcb2812dd0d6a61a94310e4aa57c5122438ca","","0xf6aa869d2a727565cc85ec90d8497ae72b3e0a4f","0","0","0","0.09585205","170.697164722","1488.67","","",""
"0x0c8aa8f0a016b106917b942b07a3fb11f013fd2dca72399e7f560fa1731c069c","12023179","1615545072","2021-03-12 10:31:12","0xc5ddcb2812dd0d6a61a94310e4aa57c5122438ca","0xf6aa869d2a727565cc85ec90d8497ae72b3e0a4f","","0","0","0","0.00371196","6.6104068464","1767.77","","",""
"0x532fb24fa0c1b6a934a990f52a8fa4385e7fe29e7ded11120b3ea8fb2092d2ef","12025010","1615570222","2021-03-12 17:30:22","0x6c2b4491ed676950abb902b1020c6d65487c5b0b","0xf6aa869d2a727565cc85ec90d8497ae72b3e0a4f","","1.55","0","2760.302","0.0290769","51.781306596","1767.77","","",""
"0xa8bff9498735dd706b3cd80a3866efa61343bf0fed5f30b31a685372e9571edb","12025012","1615570262","2021-03-12 17:31:02","0xc3297093659a58aa281d4c9577664244ac2bcc94","0xf6aa869d2a727565cc85ec90d8497ae72b3e0a4f","","1.55","0","2760.302","0.005478912","9.75706564608","1767.77","Error(0)","Reverted",""
"0x059ac74c129e442dab2ec6ff0ba644122d50aee8cc33a48f5b2a420a79566c4e","12025014","1615570284","2021-03-12 17:31:24","0xe32395e1e93928cc3e17152e5e79a3a3e705cbc4","0xf6aa869d2a727565cc85ec90d8497ae72b3e0a4f","","1.55","0","2760.302","0.00507744","9.0421082496","1767.77","Error(0)","Reverted",""
"0xa319ea12294a80ac750ad91ca09506eda0269b29debdd4246067ea1cb95bb525","12025015","1615570299","2021-03-12 17:31:39","0xc3297093659a58aa281d4c9577664244ac2bcc94","0xf6aa869d2a727565cc85ec90d8497ae72b3e0a4f","","1.8315789473685","0","3261.74905263172","0.02686152","47.8360692768","1767.77","","",""
"0x9c6836f05596fcb04d5bdec19c0ea2a7c89c830bd8ff396de020e055fe43d6c9","12025022","1615570409","2021-03-12 17:33:29","0x3ee4a408d933953571cea6615a55f2873ec8201d","0xf6aa869d2a727565cc85ec90d8497ae72b3e0a4f","","2.113157894737","0","3763.19610526344","0.026189982","46.64016754488","1767.77","","",""
"0xa6ab3d28a023b12814bfcf5e82f3c11f12c119d48202d67c6cb04e8594980f31","12025023","1615570440","2021-03-12 17:34:00","0x244291d3f74380d7cd10b861622aff1216fc2697","0xf6aa869d2a727565cc85ec90d8497ae72b3e0a4f","","2.113157894737","0","3763.19610526344","0.005502528","9.79912196352","1767.77","Error(0)","Reverted",""
"0x5e6d085ad68df478631502f29b62765e1701d47b298464cbb97c1a94e6dbc669","12025027","1615570469","2021-03-12 17:34:29","0x244291d3f74380d7cd10b861622aff1216fc2697","0xf6aa869d2a727565cc85ec90d8497ae72b3e0a4f","","2.3947368421055","0","4264.64315789516","0.026078059","46.44085058956","1767.77","","",""
"0xf09b55f9301201aaf5eef778ee172998fe06428d3094356d9fe3f3890b7964e8","12025028","1615570482","2021-03-12 17:34:42","0xe32395e1e93928cc3e17152e5e79a3a3e705cbc4","0xf6aa869d2a727565cc85ec90d8497ae72b3e0a4f","","2.113157894737","0","3763.19610526344","0.00519552","9.2523898368","1767.77","Error(0)","Reverted",""
"0x1e84b5642244466b289919ecbafd0f317388158226a89821e37d1be8692234a3","12025038","1615570597","2021-03-12 17:36:37","0x54021e58af1756dc70ce7034d7636de2d2f1fa74","0xf6aa869d2a727565cc85ec90d8497ae72b3e0a4f","","1.55","0","2760.302","0.00484128","8.6215450752","1767.77","Error(0)","Reverted",""
"0x9177e8139b243c6d0d463f51fd92a6a729a59572f248497827cf1750513e2db7","12025040","1615570610","2021-03-12 17:36:50","0x54021e58af1756dc70ce7034d7636de2d2f1fa74","0xf6aa869d2a727565cc85ec90d8497ae72b3e0a4f","","1.8315789473685","0","3261.74905263172","0.00484128","8.6215450752","1767.77","Error(0)","Reverted",""
"0xe3c8d7e4fa3094c8f94be92dad19ea1f0782c0b0746081d51a0791bcaaab0d1f","12025040","1615570610","2021-03-12 17:36:50","0x54021e58af1756dc70ce7034d7636de2d2f1fa74","0xf6aa869d2a727565cc85ec90d8497ae72b3e0a4f","","1.8315789473685","0","3261.74905263172","0.00484128","8.6215450752","1767.77","Error(0)","Reverted",""
"0xf0a146c60bd016c36b91c3075c55c0603d97f274e6b31b2c8f746d57d87a2492","12025079","1615571043","2021-03-12 17:44:03","0x3a25473a5098f8b5ce1bd383416801bff28575b9","0xf6aa869d2a727565cc85ec90d8497ae72b3e0a4f","","2.676315789474","0","4766.09021052688","0.023839599","42.45451148316","1767.77","","",""
"0xf64f0f52f4452f8d9f22469e52a6fc63eb0049c6aadb993a3131708663c431bb","12025136","1615571656","2021-03-12 17:54:16","0xd18c20fc319412f72c973b6f8b1933a1f81517fc","0xf6aa869d2a727565cc85ec90d8497ae72b3e0a4f","","2.9578947368425","0","5267.5372631586","0.022195367","39.52639736828","1767.77","","",""
"0xa59f36343092ff3952c880927eb66ed49aac49df3ec2ef9d8d5578413663a875","12025271","1615573320","2021-03-12 18:22:00","0x6beaa0844013cb0376861d50b39e511d156e8b0e","0xf6aa869d2a727565cc85ec90d8497ae72b3e0a4f","","3.239473684211","0","5768.98431579032","0.02132306","37.9729581704","1767.77","","",""
"0x8679d5044cbe7142020c7f397f9d4fd9f58f4632059e9b02f82fd6c9d91e8760","12030812","1615646458","2021-03-13 14:40:58","0xa70e6fe4488104be32b9b657f5be7b68afc17f9a","0xf6aa869d2a727565cc85ec90d8497ae72b3e0a4f","","3.5210526315795","0","6270.43136842204","0.017683834","31.49207894056","1921.18","","",""
"0x625178a81554b3dd169c64add59b840eb49eea392c48c42b27415acbe7647461","12030925","1615647803","2021-03-13 15:03:23","0x53bb3778858ba6536b5ae11efdd8d799818602d2","0xf6aa869d2a727565cc85ec90d8497ae72b3e0a4f","","3.802631578948","0","6771.87842105376","0.014926142","26.58107071928","1921.18","","",""
"0x3e2fe63d435db7b60f34fd8db8937cc31a9ded67873c3f32be43a7cafd4c0ec1","12031246","1615651821","2021-03-13 16:10:21","0xad02b6d3f43e22289c20f2843832f5e6c22fd472","0xf6aa869d2a727565cc85ec90d8497ae72b3e0a4f","","4.0842105263165","0","7273.32547368548","0.018803064","33.48524849376","1921.18","","",""
"0xea248f294b4087aa8610aea87ca1782a19b4b3ea3ce71cbfcdcd03bbd686bbfd","12031531","1615655497","2021-03-13 17:11:37","0x0b193945cf022c8965f5e1b9f9888ed2594e000d","0xf6aa869d2a727565cc85ec90d8497ae72b3e0a4f","","4.365789473685","0","7774.7725263172","0.01559925","27.77976837","1921.18","","",""
"0x145017ab765c9e7d850fd824958173f5ecdb259d6622fbf2b9875c7db87784a5","12031633","1615656868","2021-03-13 17:34:28","0xf96f969b2f11dc5aea3b0bcd8e6fda4972fd8d7a","0xf6aa869d2a727565cc85ec90d8497ae72b3e0a4f","","4.6473684210535","0","8276.21957894891","0.01747116","31.1133405744","1921.18","","",""
"0x81bd3842bc018b3efbf9ca887158ddb2de7531e9c92c389b0198a56956f1a5b1","12031720","1615657820","2021-03-13 17:50:20","0xdcf753715a75407d3931a131ef7948f65c051dd7","0xf6aa869d2a727565cc85ec90d8497ae72b3e0a4f","","4.928947368422","0","8777.66663158063","0.016971984","30.22438798656","1921.18","","",""
"0x3db7353105ee7b2380787ae0a7d937fa94225bf6c6d410f2da04bdb9c5c84b46","12034090","1615690071","2021-03-14 02:47:51","0x7f49d2433444ece2e79013afda1c491ee478bd44","0xf6aa869d2a727565cc85ec90d8497ae72b3e0a4f","","5.2105263157905","0","9279.11368421235","0.018469512","32.89124575008","1848.69","","",""
"0x7de2018c9cb872c8c8d15d866ed8b22af413a52134c0159816f7c4cec999261e","12034113","1615690388","2021-03-14 02:53:08","0x87e32d4631d728d6ad7ebcd133b11febc9da9b93","0xf6aa869d2a727565cc85ec90d8497ae72b3e0a4f","","5.492105263159","0","9780.56073684407","0.01427322","25.4183211048","1848.69","","",""
"0x1d6fdb3f581531c9305d822df86c752b40ec99d6a8f9f492e7b9eeb7f3f757a3","12038108","1615743764","2021-03-14 17:42:44","0xe5fd2cad5b7b55121de0b5c10fdd0f451d920807","0xf6aa869d2a727565cc85ec90d8497ae72b3e0a4f","","5.7736842105275","0","10282.0077894758","0.016472808","29.33543539872","1848.69","","",""
