"Txhash","Blockno","UnixTimestamp","DateTime","From","To","ContractAddress","Value_IN(ETH)","Value_OUT(ETH)","CurrentValue @ $1925.98/Eth","TxnFee(ETH)","TxnFee(USD)","Historical $Price/Eth","Status","ErrCode"
"0x6d9f0687903664edc0da1ead154c45f48eb85c5871eabbe9743cc064639df56f","11914523","1614099227","2021-02-23 16:53:47","0xc5ddcb2812dd0d6a61a94310e4aa57c5122438ca","","0x400a31ba7e9d428040b20eabdb329e54124f4013","0","0","0","0.1133433","218.296928934","1578.19","","",""
"0x851fbc55202c4ed2efc9539ac6a8d5348f97ce47db3ebc5d40c6c5f7be8c2ee9","11915207","1614107708","2021-02-23 19:15:08","0xc5ddcb2812dd0d6a61a94310e4aa57c5122438ca","0x400a31ba7e9d428040b20eabdb329e54124f4013","","0","0","0","0.005351409","10.30670670582","1578.19","","",""
"0x703f9f566e9524614b2d49dc755e0826edf5675cf1490a30dcc5c83d1cb326ba","11928091","1614279565","2021-02-25 18:59:25","0x6beaa0844013cb0376861d50b39e511d156e8b0e","0x400a31ba7e9d428040b20eabdb329e54124f4013","","1.55","0","2985.269","0.0223846","43.112291908","1481.88","","",""
"0xe9fdec476b69c1344760cdd2cc4dca058fca260546f7ae89cbd1ca23b06e64e1","11928096","1614279614","2021-02-25 19:00:14","0x7aa69b5ee49c4d3170e037960ca6c83f61241395","0x400a31ba7e9d428040b20eabdb329e54124f4013","","1.8315789473685","0","3527.58442105278","0.04141151","79.7577400298","1481.88","","",""
"0xc26bc627c84d83cc673947f7844cdf52c8b5b4ac04a0b923f569fda6cda05d23","11928108","1614279685","2021-02-25 19:01:25","0x1d436c04aa4875866a14d124171eb3cb8564077b","0x400a31ba7e9d428040b20eabdb329e54124f4013","","2.113157894737","0","4069.89984210557","0.1007307","194.005313586","1481.88","","",""
"0xb35ba554249ed00860de42a3e6772b73c0c6466e2aa99a99fa737de0aa7a89a9","11928108","1614279685","2021-02-25 19:01:25","0xe15cf0ede90e9059188fc8439014d1ffe29e0bbc","0x400a31ba7e9d428040b20eabdb329e54124f4013","","2.113157894737","0","4069.89984210557","0.00661248","12.7355042304","1481.88","Error(0)","Reverted",""
"0xd79b7baac391cc78b74ea7fe45292169e27399d38f68ceacb5aab2df7f593603","11928109","1614279714","2021-02-25 19:01:54","0x81aa6141923ea42fcaa763d9857418224d9b025a","0x400a31ba7e9d428040b20eabdb329e54124f4013","","2.113157894737","0","4069.89984210557","0.0094464","18.193577472","1481.88","Error(0)","Reverted",""
"0x0717fa9ccff982675057da72ddfbb9a44a5f6efa8358256e8245ee3fd8f68908","11928111","1614279734","2021-02-25 19:02:14","0xe4a9181a04e1724fa6f501218e9ba52678c57ec7","0x400a31ba7e9d428040b20eabdb329e54124f4013","","2.113157894737","0","4069.89984210557","0.0035424","6.822591552","1481.88","Error(0)","Reverted",""
"0x95155bed329021c2fa4704325268529074695c4bf6aeb7486edaf856636b2795","11928114","1614279761","2021-02-25 19:02:41","0x81aa6141923ea42fcaa763d9857418224d9b025a","0x400a31ba7e9d428040b20eabdb329e54124f4013","","2.3947368421055","0","4612.21526315835","0.0447692","86.224583816","1481.88","","",""
"0x90638abeeef6bbddeeb749a53fa3f0bd7a213fa21cc9c09aa4cf60e2ed709900","11928118","1614279790","2021-02-25 19:03:10","0x81aa6141923ea42fcaa763d9857418224d9b025a","0x400a31ba7e9d428040b20eabdb329e54124f4013","","2.676315789474","0","5154.53068421113","0.0290769","56.001527862","1481.88","","",""
"0x1e968ffe6fcbb4bdf6931bf49f6ee89efae386272b0f8f1c881186f2678f150d","11928123","1614279842","2021-02-25 19:04:02","0xe4a9181a04e1724fa6f501218e9ba52678c57ec7","0x400a31ba7e9d428040b20eabdb329e54124f4013","","2.9578947368425","0","5696.84610526392","0.016452681","31.68753455238","1481.88","","",""
"0xd6dfe773eb03545bd92fedb5ada0c7b51e3da5947a828359b2307ef046e5306d","11928126","1614279870","2021-02-25 19:04:30","0x81aa6141923ea42fcaa763d9857418224d9b025a","0x400a31ba7e9d428040b20eabdb329e54124f4013","","3.239473684211","0","6239.1615263167","0.0387692","74.668703816","1481.88","","",""
"0x67eacb5606cf293787b893e4d82502178543653aa957822d2907ffd212d9d4bd","11928190","1614280810","2021-02-25 19:20:10","0xe15cf0ede90e9059188fc8439014d1ffe29e0bbc","0x400a31ba7e9d428040b20eabdb329e54124f4013","","2.676315789474","0","5154.53068421113","0.002952","5.68549296","1481.88","Error(0)","Reverted",""
"0xb43ad4460b240ee7c1883fcc98b66b1d3ccf7440a99005eaabf197da16a9872e","11928433","1614284121","2021-02-25 20:15:21","0x53bb3778858ba6536b5ae11efdd8d799818602d2","0x400a31ba7e9d428040b20eabdb329e54124f4013","","3.5210526315795","0","6781.47694736949","0.016676527","32.11865747146","1481.88","","",""
"0x39604137ba43ac7fe892d01f870ce5eda576bfe0b60ced55de36d40f9073e2f4","11928766","1614288334","2021-02-25 21:25:34","0x87e32d4631d728d6ad7ebcd133b11febc9da9b93","0x400a31ba7e9d428040b20eabdb329e54124f4013","","3.802631578948","0","7323.79236842227","0.011304223","21.77170741354","1481.88","","",""
"0xa49efef1836a1158a33426af98988ae13a326b4322402a57cf0c20a99ebc0c67","11928865","1614289665","2021-02-25 21:47:45","0x9ecd3f09f4c6d9cf04728fc9de4feed87dfa4683","0x400a31ba7e9d428040b20eabdb329e54124f4013","","4.0842105263165","0","7866.10778947505","0.015109605","29.1007970379","1481.88","","",""
"0x806089be07b5a053dc4464717ade6f3df9769ad2f0c19d42225bfa7be6aabefc","11949200","1614559892","2021-03-01 00:51:32","0x00000000005dbcb0d0513fcda746382fe8a53468","0x400a31ba7e9d428040b20eabdb329e54124f4013","","4.365789473685","0","8408.42321052784","0.010744608","20.69390011584","1571.49","","",""
"0x9a4651c86a6f330e0e1f8adb69222be44f982e4451a8fe383930c51f778d4287","11954653","1614632685","2021-03-01 21:04:45","0x89a9b592ace42bd1663c11aec72d71395b6068ca","0x400a31ba7e9d428040b20eabdb329e54124f4013","","4.6473684210535","0","8950.73863158062","0.01343076","25.8673751448","1571.49","","",""
"0xdf1699a3cd9913febd6ec5f47fe613539d0a50526a3066b56da1dc856c39efe9","11954758","1614633851","2021-03-01 21:24:11","0x6c2b4491ed676950abb902b1020c6d65487c5b0b","0x400a31ba7e9d428040b20eabdb329e54124f4013","","4.928947368422","0","9493.0540526334","0.011751915","22.6339532517","1571.49","","",""
"0x04980527a9ff05569d2d19954ecad9175f80da5eb772a9222d958bba6113e98d","11971370","1614855383","2021-03-04 10:56:23","0xd18c20fc319412f72c973b6f8b1933a1f81517fc","0x400a31ba7e9d428040b20eabdb329e54124f4013","","5.2105263157905","0","10035.3694736862","0.00951905115","18.333502133877","1538.37","","",""
"0x027d132cf1db30321117f029b0d1c4b3ab1a8f3a598893e35a8edc3aff68552a","12031327","1615652871","2021-03-13 16:27:51","0x3ee4a408d933953571cea6615a55f2873ec8201d","0x400a31ba7e9d428040b20eabdb329e54124f4013","","5.492105263159","0","10577.684894739","0.018445392","35.52545608416","1921.18","","",""
