"Txhash","Blockno","UnixTimestamp","DateTime","From","To","Quantity"
"0x676649ce9183e5a89f80b548c033e1458e0cd1d8d986f18207403d0926b6a0ce","11784953","1612377673","2021-02-03 18:41:13","0x0000000000000000000000000000000000000000","0x6ab8fc24e7d169399c569d1bd79b58cdb4e1bb09","690000"
"0xee0a0970939d8e913f8366b65b02d62f2262cf80a73a204565cfae2c4214ac7f","11861998","1613400758","2021-02-15 14:52:38","0x6ab8fc24e7d169399c569d1bd79b58cdb4e1bb09","0x7dafeb1cee5a14ab5666729044acb5f46506dca1","23322"
"0x409b1c540706190e0eb9769d421c80358be3bc7725f6e5d578f6b3971fc31798","11862291","1613404709","2021-02-15 15:58:29","0x7dafeb1cee5a14ab5666729044acb5f46506dca1","0xdd16c1450a3914285612873d2ca8529a9eaada20","138"
"0x9154d453c24691be1c2a0076c5c125c319fcf697167632a6f30427a05547d107","11862394","1613406186","2021-02-15 16:23:06","0x7dafeb1cee5a14ab5666729044acb5f46506dca1","0x2612b77e5ee1b5feeddd5ec08731749bc2217f54","138"
"0xb697163db8fc73a5514453d0d2b57b162c2657f40069693b945224c8d29bdf5d","11862403","1613406267","2021-02-15 16:24:27","0x7dafeb1cee5a14ab5666729044acb5f46506dca1","0x520768717f317893e749b363399f51bc8a092cfc","138"
"0x15afbbe2574d552b9b1a3ab3d0f732eada78b584aaf94083f2a73fa65566416c","11862427","1613406620","2021-02-15 16:30:20","0x7dafeb1cee5a14ab5666729044acb5f46506dca1","0xfcdf747ed51b165b196609919c873cf48a1641a0","138"
"0x14472aaf3561bb3d833f04343fe1b627fb530ae76219cc5980ed5dfab97f660e","11862433","1613406670","2021-02-15 16:31:10","0x7dafeb1cee5a14ab5666729044acb5f46506dca1","0x54ac891362340c4801096052d851aafb84e2232a","138"
"0xc56b604976c7162b2224004e3a0e589f07f3320000d668d103f77b8b68de8ceb","11862439","1613406715","2021-02-15 16:31:55","0x7dafeb1cee5a14ab5666729044acb5f46506dca1","0x3875881f52c1b030d1cf9a3ca29ec05b16d196b2","138"
"0x40cec246c2034993e4f057fb6552fab87d19cc89c4293e2a43299109c0af7ac5","11862478","1613407445","2021-02-15 16:44:05","0x7dafeb1cee5a14ab5666729044acb5f46506dca1","0xa94210bce97c665acd1474b6fc4e9817a456eecd","138"
"0x333596cce674b2f6a8977d8fc793debe4a78a3d8e278272a16d1440588d6bb1b","11862491","1613407626","2021-02-15 16:47:06","0x7dafeb1cee5a14ab5666729044acb5f46506dca1","0x2993e1d02b11377f44455aedc618c705acbb0591","138"
"0x950732c6cef59587705eef22c8c5d404231371e7d34d247dea42e29a3cf0ae3a","11862496","1613407718","2021-02-15 16:48:38","0xa94210bce97c665acd1474b6fc4e9817a456eecd","0x54ac891362340c4801096052d851aafb84e2232a","138"
"0x4384fd2436533c8d96f8ee768374651b670cf555006ef136d6760d64a8b71d41","11862509","1613407808","2021-02-15 16:50:08","0x7dafeb1cee5a14ab5666729044acb5f46506dca1","0x98ae775b4e4fcc0991ea86748638860377a4b88d","138"
"0xd3b6fb859eefc3c5bcbc547a82fc14e0814af285019b0e20f85922bf9773c672","11862543","1613408251","2021-02-15 16:57:31","0x7dafeb1cee5a14ab5666729044acb5f46506dca1","0xc00e8f8d3b199f1a5ccbb7ba667f7c96ce6e6f51","138"
"0xdc82b553da3172a04ee5452ad1ea439a747916682d312148849db7c51cd95a84","11862598","1613408891","2021-02-15 17:08:11","0x7dafeb1cee5a14ab5666729044acb5f46506dca1","0xd1189471ff75c447ab45360fe3064fcdab8d5677","138"
"0xa1082b6f666d1b020a16f963a9b0573d7709a1480c2950cc27704ae143896d6b","11862707","1613410170","2021-02-15 17:29:30","0x7dafeb1cee5a14ab5666729044acb5f46506dca1","0x426f605bfeb604835f7ef54845d4b06bd6d93c6b","138"
"0x038b23359b6259d701a24c4c674cac14eaa82f5e4dc5326f841f36306dc75008","11862803","1613411388","2021-02-15 17:49:48","0x7dafeb1cee5a14ab5666729044acb5f46506dca1","0x0d089508d5fcdc92363fe84c84a44738863d9201","138"
"0x19a5f290abca40cbd0507a8b80ff436fe3e992eb9489d54e9895d9b9d3e29088","11862947","1613413252","2021-02-15 18:20:52","0x7dafeb1cee5a14ab5666729044acb5f46506dca1","0xcd686f51ae7f9c51fa93c78ddd02a459d8a69d20","138"
"0x1574e2257c30037565a99699c75786e9234803ae2af231ace33f79dbf58700ec","11862977","1613413561","2021-02-15 18:26:01","0x7dafeb1cee5a14ab5666729044acb5f46506dca1","0xe4a9181a04e1724fa6f501218e9ba52678c57ec7","138"
"0x1808fc8b42faf085de75c9ccb1fd149c782ef1c7b60d42e00aff78336c6c4686","11862984","1613413607","2021-02-15 18:26:47","0x7dafeb1cee5a14ab5666729044acb5f46506dca1","0xbefea1c9e6d0a95bf2a352ac1aa5ff1fadb01c8e","138"
"0x7e8643709aa624c54a6656619afce9da86671b60746c198bd4246e576def3e21","11863013","1613413900","2021-02-15 18:31:40","0x7dafeb1cee5a14ab5666729044acb5f46506dca1","0x3d45c2430b8631c0972fd71fd4d0f57ea01c5a7f","138"
"0xc2c1c7d3a8e2a0e50928503378753c19faaac55886cfc4285ad9d4d62f8ff2ba","11863122","1613415511","2021-02-15 18:58:31","0x7dafeb1cee5a14ab5666729044acb5f46506dca1","0x8637c0e4dc74ab7914e09a0d05613cb1f9732f01","138"
"0x0a1673ababef853398f0c4bcb4617fcea52a79c5266e2fa34ed8184dcd4ec199","11863128","1613415573","2021-02-15 18:59:33","0x7dafeb1cee5a14ab5666729044acb5f46506dca1","0xfa91288b3033d095992cf3cb0b0e54b807c3c2ac","138"
"0xf94674ef0c4a24e9d522467156bc4a01a238ef833b79c5838dff98ad37be6673","11863134","1613415629","2021-02-15 19:00:29","0x7dafeb1cee5a14ab5666729044acb5f46506dca1","0x59c8071f9f09b297afe65e5b748d7b67007f1c05","138"
"0x8e16d68b51b053f28470960ec8e322d78c2a292553b9c169b6e386532e3bde03","11863150","1613415877","2021-02-15 19:04:37","0x7dafeb1cee5a14ab5666729044acb5f46506dca1","0x3bdbad7a018bde126805a6a75ac1181ee5411dd8","138"
"0x67691c8319e42a707be4f501c7c42bad2713e4358f7299c85b7c1319caa6a8d7","11863206","1613416712","2021-02-15 19:18:32","0x7dafeb1cee5a14ab5666729044acb5f46506dca1","0x0fe027066d7982c0517d463c8fcd896a54b576ad","138"
"0xe381a236991aa79a8d183d05126a96557483c007e128bc1a84e64d0d8c33193a","11863219","1613416923","2021-02-15 19:22:03","0x7dafeb1cee5a14ab5666729044acb5f46506dca1","0xaa15e3bda1fc142fba7e06265a49cca92eb4cea0","138"
"0xaff54cb0866935e8c609ddbcec15e69dac8db8976b9a3e24c8bf65eab908d425","11863232","1613417124","2021-02-15 19:25:24","0x7dafeb1cee5a14ab5666729044acb5f46506dca1","0x58ff9a07281c71466e18e7b5d512cf15b8704753","138"
"0xeaee86441831444869d12f2f4c85418b547f4694627bdbe4e15587def604a6bb","11863234","1613417146","2021-02-15 19:25:46","0x7dafeb1cee5a14ab5666729044acb5f46506dca1","0x015edbdd1dede3e011a694ecf48ca933661e0213","138"
"0xc2d8fce88ff8cda4ad0047d871e920f37e45e7a1516468838bd6cb62c484a136","11863343","1613418625","2021-02-15 19:50:25","0x7dafeb1cee5a14ab5666729044acb5f46506dca1","0x8c2b195e2c9e171545e4d37d8b7a0c5a338deea6","138"
"0x9acf1e3f1661c899c6d59f090f4f22e397d172e7079b4b2a2eb1f540180656a0","11863396","1613419411","2021-02-15 20:03:31","0x7dafeb1cee5a14ab5666729044acb5f46506dca1","0x7329dd949aa536e23e0a8962f5829c8a3c24b805","138"
"0xa906dc2aef64bb0ae6ce0a8ff6af3969af1ceda2a97efe98a9a62c1b4a530fef","11863397","1613419415","2021-02-15 20:03:35","0x7dafeb1cee5a14ab5666729044acb5f46506dca1","0xc31440748bc461217e19eda76aaf8145bf9a45bd","138"
"0x0664ceb0804460dd034020af4623803350c327529fcabd131a3c744340cab4bf","11863402","1613419489","2021-02-15 20:04:49","0x7dafeb1cee5a14ab5666729044acb5f46506dca1","0x589ac3e5891d6a20faadcdf07ef91b6ab6095980","138"
"0x49ded2cffc1e60b492fcf7eedeebfb1f9b785a42fb1fa0260257fe4afcf28e57","11863413","1613419774","2021-02-15 20:09:34","0x7dafeb1cee5a14ab5666729044acb5f46506dca1","0xa43c750d5de3bd88ee4f35def72cf76afebec274","138"
"0xedae06229591ea0fb0b1f57a03974cc56a565d76d828b5ca1a85ad66357869e2","11863470","1613420554","2021-02-15 20:22:34","0x7dafeb1cee5a14ab5666729044acb5f46506dca1","0x7c1ec41944a9591f48e44a9d4e8edc43b7d58948","138"
"0x8507557282348804e4127bc6f61c409b29963d58163db034ff00c1246cca67c0","11863482","1613420707","2021-02-15 20:25:07","0x7dafeb1cee5a14ab5666729044acb5f46506dca1","0x5f84377f49629c73b6a8de747d9a86ba6c766c85","138"
"0x2985815b87510134b552413eda27eefe1a2dfda89c8fe46a27e761e584959cb4","11863490","1613420834","2021-02-15 20:27:14","0x7dafeb1cee5a14ab5666729044acb5f46506dca1","0xdb704df06a7fa515fe77b30595451346198bc44c","138"
"0x1bdfc233e2639282d4faa38942d379762a321e31e79f35c189cbdfd74a497001","11863496","1613420888","2021-02-15 20:28:08","0x7dafeb1cee5a14ab5666729044acb5f46506dca1","0x3943b578d00d61b622fd99ab6f16921e54f7612b","138"
"0x5a8c16e867ff6a2df659af0fc6c1583efe45771f74413a4bd52192bc77511d93","11863516","1613421104","2021-02-15 20:31:44","0x7dafeb1cee5a14ab5666729044acb5f46506dca1","0x9521f89054b27167263053651352a007d4ff4855","138"
"0x1980208ea37a68fbfd32d7953179c1edf497276b6f3d5405905a5c646371e52a","11863525","1613421238","2021-02-15 20:33:58","0x7dafeb1cee5a14ab5666729044acb5f46506dca1","0x8b975b1067f1e86a36252319e57279942286fbed","138"
"0xf6bf3f575e2492694c6e3be4c7287271406bd72ec65dd84bd2d2285f91b01097","11863542","1613421469","2021-02-15 20:37:49","0x7dafeb1cee5a14ab5666729044acb5f46506dca1","0x8f7037074c7cd129588b5a8d731d116dc645eb6a","138"
"0x0202c313f0d725cb65622302255bd14624eca0860c47144e01bbda7ee333dda5","11863681","1613423207","2021-02-15 21:06:47","0x7dafeb1cee5a14ab5666729044acb5f46506dca1","0xca7f8f6a21c6e0f3b0177207407fc935429bdd27","138"
"0xcb488e1f956584d0436296b1a02545ea75d63ffa7a8f6446888f085621adceff","11863711","1613423631","2021-02-15 21:13:51","0x7dafeb1cee5a14ab5666729044acb5f46506dca1","0x55313de4ce5c9770592b6462e90153019a8b32c9","138"
"0xb8aafad707f1f1da6ccc9ea0ac814d2db6520b833a85673ff41afd68261f552d","11863784","1613424587","2021-02-15 21:29:47","0x7dafeb1cee5a14ab5666729044acb5f46506dca1","0x1cee04b1b95287b9318eedf173ad9bb1b5538e38","138"
"0x7b8d71b6c1814afa926e1faa95948d006b59eaa3774f3e91e729f48f37950e0c","11864393","1613433090","2021-02-15 23:51:30","0x7dafeb1cee5a14ab5666729044acb5f46506dca1","0x72fc1866c9cf17e216095b5b4912a79ec1a575c7","138"
"0x7320ac306ce830feb0341c61341d3390dee119c8af25c64fe5fbfbe6f88651e8","11864404","1613433176","2021-02-15 23:52:56","0x7dafeb1cee5a14ab5666729044acb5f46506dca1","0x69bb6c2f2bcfdf9cdf4154add1bbd75dfdc33b88","138"
"0x5915bfbf3938b3f6dfdb6f0ca36a102aaa734974e87a7756e6263cee967fe04b","11864500","1613434481","2021-02-16 00:14:41","0x7dafeb1cee5a14ab5666729044acb5f46506dca1","0xda06606dd7d225f33f38527507653ba259598090","138"
"0x56744d33da4715550f16677fa56f147390d12e058712579d7e47e65f8a9be920","11864520","1613434769","2021-02-16 00:19:29","0x7dafeb1cee5a14ab5666729044acb5f46506dca1","0xb76a4846f92013de8e5039be7f7c0be521102c7a","138"
"0x47929972f7019d94acfc252d91fee5730d51ef153ba2fcc296913db1a019a5be","11864536","1613434981","2021-02-16 00:23:01","0x7dafeb1cee5a14ab5666729044acb5f46506dca1","0x87e32d4631d728d6ad7ebcd133b11febc9da9b93","138"
"0xb019b74ad31f8b5f1c12b53ac0601150a4a393a62d6fe0d53fc192589050a823","11864883","1613439526","2021-02-16 01:38:46","0x7dafeb1cee5a14ab5666729044acb5f46506dca1","0x376c655f1cd6fb45529b54719cee61eb1f906d36","138"
"0x7cfbeca8aabc11b00ba23e996ad5bd2033badca6acac8d88663b69abc96f0e1d","11864966","1613440543","2021-02-16 01:55:43","0xda06606dd7d225f33f38527507653ba259598090","0xab6d97af3b94f60a684c3426561e4d99fd9fec55","50"
"0x0feb4c6a14fdbdc5265dd249ba1d359e50dd0e51abfd4892aa7e555597ddd08f","11865027","1613441446","2021-02-16 02:10:46","0xda06606dd7d225f33f38527507653ba259598090","0xab6d97af3b94f60a684c3426561e4d99fd9fec55","19"
"0xdc9918fcf47037755cd8b79fc1b8bb2fb7627db2cbb5f28f4a669c1ec5945e63","11865045","1613441677","2021-02-16 02:14:37","0x69bb6c2f2bcfdf9cdf4154add1bbd75dfdc33b88","0x3781531d249a8cf841cb113297aca59e7ace9eaa","69"
"0xfaf298f0887b309b99a94b934477601d3483dc889ddc01193e443a4b08107745","11865304","1613445222","2021-02-16 03:13:42","0x7dafeb1cee5a14ab5666729044acb5f46506dca1","0x0788373603522a79fcc5710910c20067f64bad17","138"
"0x919a082627986649204eda5da49518fc00f2e58a55ef71e64db736ed29133d73","11865304","1613445222","2021-02-16 03:13:42","0x7dafeb1cee5a14ab5666729044acb5f46506dca1","0xcd7f6b72049c3b54416f9f26392cb271e74ca3fd","138"
"0x2ed234fc9b753e45939e629344d7b67b37df7d8ffcbf8b9ba6c8d85c374c042d","11865372","1613446018","2021-02-16 03:26:58","0x7dafeb1cee5a14ab5666729044acb5f46506dca1","0xd18c20fc319412f72c973b6f8b1933a1f81517fc","138"
"0xf04cef08dd17e740f39e158a00cc554a0eb37fe3d6e2b0a0881f8624393ba257","11865390","1613446283","2021-02-16 03:31:23","0x87e32d4631d728d6ad7ebcd133b11febc9da9b93","0xceed9b1721062347b10b34dbd1ba61759f018e55","69"
"0x9337bf05b0ace908ddda914e746d6c39c38df995bf59d548486312cfb3b3ed47","11865538","1613448184","2021-02-16 04:03:04","0x7dafeb1cee5a14ab5666729044acb5f46506dca1","0x5a0225da07949b97ce80da7c80fecca52e21d36b","138"
"0x51a8b8c973a462557be4085214f4e14245194b865bfe4aabafcefedc604df29b","11865852","1613452408","2021-02-16 05:13:28","0x376c655f1cd6fb45529b54719cee61eb1f906d36","0x3aada0ddc361f2c36c9c30c05903b95b6f18ee21","69"
"0x049c30fa2013a462732168ea8c1310435f6bdc9b0bd3662e1fe811d8f6990f09","11865933","1613453596","2021-02-16 05:33:16","0x7dafeb1cee5a14ab5666729044acb5f46506dca1","0xa21c57032f783b43c2122aeaf780ccb3ba71033d","138"
"0x06e1bfb5ce2bcaffb94e2d65bca10d9734867107ac7cc6ee832230c5482e06c2","11866311","1613458521","2021-02-16 06:55:21","0x7dafeb1cee5a14ab5666729044acb5f46506dca1","0xbd898c2945d78932fe4a4924a0ce49b0f1baee13","138"
"0xaf13bac2da2aba491b3bc9a202146525a1925614d6d234e2d687fcee156f2710","11866667","1613463306","2021-02-16 08:15:06","0x7dafeb1cee5a14ab5666729044acb5f46506dca1","0xcd815b9302bc6a828294ce6aa7c353b206997a4e","138"
"0xba3d2a509eb17be15e4d1689a8a58781e400d8ec46c03af5db1169f0555885d8","11867273","1613471276","2021-02-16 10:27:56","0xb76a4846f92013de8e5039be7f7c0be521102c7a","0xe2a1f84629c0a0d1caf4211ddb0546282487ddc1","69"
"0xb6bb780e5625536cae6c85d36019378adbabaa7a4016d6d34d889a14a8aff8d1","11867662","1613476615","2021-02-16 11:56:55","0x7dafeb1cee5a14ab5666729044acb5f46506dca1","0xc0b374f27abccd5f34e30ba437adf10f084a66c4","138"
"0xd1c3678d802d35a0e75c82695ab183b6233315b7c4f35e118dee60da357b02c8","11867665","1613476640","2021-02-16 11:57:20","0x7dafeb1cee5a14ab5666729044acb5f46506dca1","0xacc993013812e5524102474ba78f3a278c6d2efc","138"
"0x32af20af8d31451d721f4db62c9d2f799dd128b749bb4db3a9b58a0b25ef9ad5","11867668","1613476699","2021-02-16 11:58:19","0x7dafeb1cee5a14ab5666729044acb5f46506dca1","0xcda9bfe9d578003e9dbdc90a5dd1e9b0f52c01f6","138"
"0x0aba1f70cf5433884cffe767649f03dd08d13cd3e57413d68e4bb5da6c030fae","11867865","1613479032","2021-02-16 12:37:12","0x7dafeb1cee5a14ab5666729044acb5f46506dca1","0x279d1194c9766fe2101de5a832c865936912302b","138"
"0xb188cdbaa986c3325479bee222e697570b02817b48d9fa7ddd1bc23abe99a43c","11868021","1613480889","2021-02-16 13:08:09","0xcd7f6b72049c3b54416f9f26392cb271e74ca3fd","0x74de40808d4eb76c480c882a3f8e4fc0a4701d01","69"
"0x17995b5d9c59716c13791e5f4611ed36ed6b2afe7d14d452c063971467dc8275","11870068","1613508094","2021-02-16 20:41:34","0x7dafeb1cee5a14ab5666729044acb5f46506dca1","0x5d9e720a1c16b98ab897165803c4d96e8060b8e4","138"
"0x4ba5452401c713b92fd4a7259c6becfb3dd9a2cdfef37511d9ad29e05454cb84","11870085","1613508255","2021-02-16 20:44:15","0x7dafeb1cee5a14ab5666729044acb5f46506dca1","0x1d436c04aa4875866a14d124171eb3cb8564077b","138"
"0xb4857009e6a8d4aa1b1700f66e36982682b0a8ab842753e8b610bcc50883ab08","11870114","1613508764","2021-02-16 20:52:44","0x7dafeb1cee5a14ab5666729044acb5f46506dca1","0xe15cf0ede90e9059188fc8439014d1ffe29e0bbc","138"
"0x1b70933a282aeab6773554e67fe3b15b91f506c2618eeb33eeac07acfe928c42","11870133","1613508951","2021-02-16 20:55:51","0x7dafeb1cee5a14ab5666729044acb5f46506dca1","0x2219e393932e6002f8701b2713ad753f009c258a","138"
"0x002498099d19251ec546cb276c77db294bc1a4ffcfad5e589cc0f1398e8f46e1","11870163","1613509406","2021-02-16 21:03:26","0x2219e393932e6002f8701b2713ad753f009c258a","0x213e1ed543d27d1c91a47cf383304252f3969b3b","69"
"0xae2f2a18000f824040ae74b03d6742135a8599641b4fc31ff66a1b60f6675242","11870178","1613509669","2021-02-16 21:07:49","0x7dafeb1cee5a14ab5666729044acb5f46506dca1","0x28265b4188ff587e5cfe1155606026cd2ccd243d","138"
"0xb90185eea9e23fc9aa0c09d4f2f28bec1b2b3c55f6872dd23833b75ccd28d3bc","11870183","1613509737","2021-02-16 21:08:57","0x7dafeb1cee5a14ab5666729044acb5f46506dca1","0x3a25473a5098f8b5ce1bd383416801bff28575b9","138"
"0xb5c601c3f83ff4bc710ce739fa757c0abea059611d174d474a6a3b1a96d960f5","11870184","1613509745","2021-02-16 21:09:05","0xe15cf0ede90e9059188fc8439014d1ffe29e0bbc","0x77e1b087378d0a12ba3769d46a983a8ae2e61e69","69"
"0xa07c8c43b65603caedaf224a44dc11d8bc4b3380a7ee8e58abde53fbc6a10582","11870204","1613510047","2021-02-16 21:14:07","0xc31440748bc461217e19eda76aaf8145bf9a45bd","0xd63a8b9699fbe0b0b70c443cda57cd667a77d1b2","69"
"0xd6f0594c09d79936d17b668a7f78d81f54bfef7751c9ee738796938f00eb8dfe","11870226","1613510334","2021-02-16 21:18:54","0x7dafeb1cee5a14ab5666729044acb5f46506dca1","0x7257b76281c2e2b4b04a6e2ab867928535c32041","138"
"0x868ffed1bbbd7523bce2c39a7fdb14eb2e9e9637f31ab26afd29bdec54fe8732","11870236","1613510475","2021-02-16 21:21:15","0x28265b4188ff587e5cfe1155606026cd2ccd243d","0xdc18e1f94eb8ca06455216bdbb1f6b64c1081881","69"
"0xba611c8f9e329c5f80d998a051f7d62f524109e5e0c39fa75e51b31afb0c9488","11870243","1613510517","2021-02-16 21:21:57","0x3bdbad7a018bde126805a6a75ac1181ee5411dd8","0x9f4c16b9d538e0ce4532ad157a8e70dc124b5437","69"
"0x2f4f2cb5967f14509a78394a7a8d48fa8b937bcd4d09b2cbb601e73775a0a43d","11870293","1613511077","2021-02-16 21:31:17","0x7dafeb1cee5a14ab5666729044acb5f46506dca1","0x2f12c8a9e06943f33a9284a96291e145180c0b20","138"
"0xe627cff0e28a52861686f3c10397491fdb6ed3438a58b3a300a13a8bcbe622f6","11870310","1613511300","2021-02-16 21:35:00","0x7dafeb1cee5a14ab5666729044acb5f46506dca1","0xc25ab7cd70c420782f22fc0473a4c90f788676db","138"
"0x52c43506c81c0e77edbfcc9f7ffc88264ced58d909ffad03d4f645340f3ba2b3","11870323","1613511600","2021-02-16 21:40:00","0x7dafeb1cee5a14ab5666729044acb5f46506dca1","0xd3e7b87ff392426f74d1cb980d0e9a03e98f1648","138"
"0x241f2cf0c2d15780b194a7cd203f9d16905be5310434f71b993706ad82596f69","11870349","1613511997","2021-02-16 21:46:37","0x7dafeb1cee5a14ab5666729044acb5f46506dca1","0x34808702e96ca4412e2df38f5fed3b72d2840e0f","138"
"0x27ab8897955466e885225ec7006100835a3062d66f0f6ae9f6436a0a64b8629f","11870352","1613512003","2021-02-16 21:46:43","0x7dafeb1cee5a14ab5666729044acb5f46506dca1","0x974fea9c67c137a9b35a8acb6f1157327311bedb","138"
"0x8d374b79ce7a3ed3d6d0630971d152055715530da5d4aa08993a3703d0e46999","11870358","1613512129","2021-02-16 21:48:49","0x7dafeb1cee5a14ab5666729044acb5f46506dca1","0x2907795362b586586f7355eeec92e20942651f71","138"
"0x04fa5fd7b82aa2895535f81d099ef15464467f5a199c9741ae3123db7a472154","11870377","1613512389","2021-02-16 21:53:09","0x7dafeb1cee5a14ab5666729044acb5f46506dca1","0x1caeb05950c88dc7d45af70994b13735fbb6cca3","138"
"0x1b7d4b03e4daf38cd886b82e62dafac0bd211ca643a1d18049291ec17225c11a","11870392","1613512555","2021-02-16 21:55:55","0x7dafeb1cee5a14ab5666729044acb5f46506dca1","0xf227b37f3edd08ef1aca42c9525454c21a048fc7","138"
"0x520f814242961856ace1907e71f5f9519d760e6bc688c1ab757573f8f29faa87","11870519","1613514166","2021-02-16 22:22:46","0x7dafeb1cee5a14ab5666729044acb5f46506dca1","0x7565deddcb83a14b185eb9520914bb918cdfe983","138"
"0x510732468c753eec451b7ddcec93cba234b5667494c0fb49e3820e6b855e4cb5","11870519","1613514166","2021-02-16 22:22:46","0x7dafeb1cee5a14ab5666729044acb5f46506dca1","0x0ae3d5949202165584a270cbac7a733b0307a766","138"
"0x22f0259b51ebd42ef9288b161e7192804f436f279e6d1dbfbe2148ea16f6e14c","11870525","1613514225","2021-02-16 22:23:45","0x7dafeb1cee5a14ab5666729044acb5f46506dca1","0x0a8f4e308b17f836eab6493f42e48ac07d30946d","138"
"0x4a455894d759b47d554c2806819e5ce5280c0215eccbb4420c18808a0ff56ed5","11870544","1613514553","2021-02-16 22:29:13","0x7dafeb1cee5a14ab5666729044acb5f46506dca1","0xfba674dbbbfafed6da9895051e5204de824325b9","138"
"0x877ecffe50fc1139f9442a7a531efadc84edecdeb78059cd69b37feba9935bf8","11870553","1613514684","2021-02-16 22:31:24","0x7dafeb1cee5a14ab5666729044acb5f46506dca1","0x82532b5d2d419b321d023d3ac328058c4d46dd78","138"
"0x7e2b8826124d72eaae186d3e2832302d4c5936a4db47e572518f9b8d4d8236ee","11870566","1613514824","2021-02-16 22:33:44","0x7dafeb1cee5a14ab5666729044acb5f46506dca1","0x9650a88500222adbe4401f5b85c8722f11952812","138"
"0x9c3674e869fc41a578ae0b9582b5116168a4d082990205b1fde9d9f95838193d","11870585","1613515043","2021-02-16 22:37:23","0x7dafeb1cee5a14ab5666729044acb5f46506dca1","0x1b2ca10a88a845efe3e9124c3e708efe19c56b4c","138"
"0x2433a1481a4adc189e8b31668357471caa95bdaaf2c6a5d841a3d80b80d6f0f3","11871244","1613524308","2021-02-17 01:11:48","0x0ae3d5949202165584a270cbac7a733b0307a766","0xdfbc69683095fea6910cb570e8457071f876349c","69"
"0xca291f88a1e3db5040c78a659b359000839d14e50a737553bc00f756d31f6d0e","11871637","1613529609","2021-02-17 02:40:09","0x7dafeb1cee5a14ab5666729044acb5f46506dca1","0x049808d5eaa90a2665b9703d2246dded34f1eb73","138"
"0x160836b66f2e3d16e925492dd0e8c2fca0e4896c30d115b2946e491bca092792","11873494","1613553629","2021-02-17 09:20:29","0x3875881f52c1b030d1cf9a3ca29ec05b16d196b2","0xb128422b331fdf422cc1e1db6f75302926e40e9b","69"
"0x18623e3370114bb63b3966f01d84d6f1380fcbf7eff7d91af7fce66167fac9f9","11873758","1613556906","2021-02-17 10:15:06","0x7565deddcb83a14b185eb9520914bb918cdfe983","0x0b7f9d46f0084503ad7b9e9266af2134da8ad596","69"
"0xe8217af500fbe36adf48ca57454fc6a6bcfc054f69eb61792878a91a1b349b31","11873839","1613558019","2021-02-17 10:33:39","0x0a8f4e308b17f836eab6493f42e48ac07d30946d","0xaf6e292b39a429927c7ee68f7b9bfc04ede69f79","69"
"0xe638d578f45080fadf5650d37d27ea224193d2059c4fe11d7e8fd0a562c3c682","11874693","1613569361","2021-02-17 13:42:41","0xdd16c1450a3914285612873d2ca8529a9eaada20","0x53bb3778858ba6536b5ae11efdd8d799818602d2","138"
"0xa64eedf5060b53f411fa72ae5c05269341a4a590e51f60d01512967890afb3d7","11875888","1613585228","2021-02-17 18:07:08","0x53bb3778858ba6536b5ae11efdd8d799818602d2","0xc3297093659a58aa281d4c9577664244ac2bcc94","69"
"0xa6a439fdafe82646c44c2d294f905f8f0d4ce71912919cefb4e2ac68a3dfb232","11876311","1613590789","2021-02-17 19:39:49","0x7dafeb1cee5a14ab5666729044acb5f46506dca1","0xcc4fb675c46f3715c52307c4d2f8640c4ef7bb31","138"
"0xb887f8d97eecaa8d42d5839118654ffc7d0af2869a156dd0e6aa9e828de01715","11877663","1613609010","2021-02-18 00:43:30","0x7dafeb1cee5a14ab5666729044acb5f46506dca1","0x7c2c586a9268a978b3aced45e3a986c129a5ef58","138"
"0x0decc259ec31304872d928595f2810fe72654b4d75e70a1d082e6a2102b17b9a","11878873","1613625184","2021-02-18 05:13:04","0x7dafeb1cee5a14ab5666729044acb5f46506dca1","0x5b85988f0032ee818f911ec969dd9c649caa0a14","138"
"0x920bd600b28fa8add1489620d991e5f4af13e387227dc1a1b27ced3e4d397ade","11880954","1613652432","2021-02-18 12:47:12","0x7dafeb1cee5a14ab5666729044acb5f46506dca1","0x445dd097f041dc4d86ac833c4dc1e647ae155995","138"
"0x88b64126ef9149f55dffaa1f54975a610a99e62d45e74dbdc1abcc23ced6b395","11887657","1613741656","2021-02-19 13:34:16","0x7dafeb1cee5a14ab5666729044acb5f46506dca1","0x4b146025f9f8a993dfbb5305d0f1ea5da3e3e848","138"
"0x2cafc3c88f93925a04140dde117fd8a01c24100df24ea6af3a114ecee86eab3d","11889682","1613768536","2021-02-19 21:02:16","0x7dafeb1cee5a14ab5666729044acb5f46506dca1","0xe715db8ffe482abb39a4594294d1632f35db77e8","138"
"0x2c6a7badc7a0a4c30577b20e548434ed359b46ea3cece321a3fe04dd69af6bf4","11889776","1613769941","2021-02-19 21:25:41","0x7dafeb1cee5a14ab5666729044acb5f46506dca1","0x305f4900f5da9c2275ebea12efb4e1b9495d5ed3","138"
"0x575879d886b358d345a8709684823bb48871b39423e711d5715fa43f9a175026","11893603","1613821067","2021-02-20 11:37:47","0x7dafeb1cee5a14ab5666729044acb5f46506dca1","0x7d08254fd51d2e9fd3b1b335467ddeec801890af","138"
"0xa2b8cc5b386248df45ad8d40107ad93cd6cca2292d403c07bb5a415277b154b5","11899392","1613898817","2021-02-21 09:13:37","0x7dafeb1cee5a14ab5666729044acb5f46506dca1","0xa50abf88806dbdcbd7c1e9d19192e208bb56fbc9","138"
"0xb124c19779d7d24aaff6c3aa2dc8f6ac27d4fe6b33d484c2c290bb77ae83c571","11901696","1613929130","2021-02-21 17:38:50","0x6ab8fc24e7d169399c569d1bd79b58cdb4e1bb09","0xf5488e33ed54bcd9c7beb42aa825380c1c5a96a0","1690"
"0xf317574d53bd600ed7ecf0c509d2e69bb0200b1ee2e339cb7d454b6cb3d845ae","11901701","1613929215","2021-02-21 17:40:15","0x6ab8fc24e7d169399c569d1bd79b58cdb4e1bb09","0x00000000005dbcb0d0513fcda746382fe8a53468","1690"
"0x26b5b758bc257efd9ded0aa1cbb3aded97c7260929f42a039937ae68fd87ad0f","11901706","1613929278","2021-02-21 17:41:18","0x6ab8fc24e7d169399c569d1bd79b58cdb4e1bb09","0x87e32d4631d728d6ad7ebcd133b11febc9da9b93","1690"
"0x1bd5097611fa6e732df8af762c6768741f3550529b3bcd737c438ef6662cfbc1","11901710","1613929335","2021-02-21 17:42:15","0x6ab8fc24e7d169399c569d1bd79b58cdb4e1bb09","0xd362db73b59a824558ffebdfc83073f9e364dbc6","1690"
"0xb6fcd140ec1a86a0c5cf4dd366daedcc2808446f9fe9072baa7b05088eade688","11901715","1613929396","2021-02-21 17:43:16","0x6ab8fc24e7d169399c569d1bd79b58cdb4e1bb09","0xfcdf747ed51b165b196609919c873cf48a1641a0","1690"
"0xe013287bf39eba724f15df3c567485686f0f994a8eb646bb64f8b6111640563f","11902493","1613939532","2021-02-21 20:32:12","0xd362db73b59a824558ffebdfc83073f9e364dbc6","0xad79ade81839781adffbf4bdbca09d6e734b65aa","1690"
"0xec866a69668d97dcade56b5008fe095b75420020792331aa883211ef9ff61302","11919921","1614170954","2021-02-24 12:49:14","0x7dafeb1cee5a14ab5666729044acb5f46506dca1","0x3ae8a332a51361ab6b9159529a1a007804f6f3b5","138"
"0x5a1e33ba3377b0f207edd1d228f44a8a46c1e3a4142c9e4dba4acb807b3def1d","11921168","1614187756","2021-02-24 17:29:16","0xaa15e3bda1fc142fba7e06265a49cca92eb4cea0","0xcab532dd7a22784afbfed080705f377e20b647e8","138"
"0x3fc3c069c006189b4725a1fed27308b147485ceddddc7698d80fb34f0ab32a6b","11922755","1614208880","2021-02-24 23:21:20","0xfcdf747ed51b165b196609919c873cf48a1641a0","0xe32395e1e93928cc3e17152e5e79a3a3e705cbc4","69"
"0xb3414b56d32baf4c6023522a2ae18784156ddfd3919a64fcef78d975804d6c77","11925632","1614246573","2021-02-25 09:49:33","0xe32395e1e93928cc3e17152e5e79a3a3e705cbc4","0xa70e6fe4488104be32b9b657f5be7b68afc17f9a","69"
"0xd74c46edfcf61f74788f96afaf731d436ceb00d60dd9e38d81d68808dde1d6d2","11925685","1614247403","2021-02-25 10:03:23","0xad79ade81839781adffbf4bdbca09d6e734b65aa","0xe32395e1e93928cc3e17152e5e79a3a3e705cbc4","69"
"0x125ca196aa4b7b06722457ca21dbe6d46c451ce7e4e7fff64c9ecdcb7707ad00","11926395","1614256671","2021-02-25 12:37:51","0x7dafeb1cee5a14ab5666729044acb5f46506dca1","0x9c209c3d07b1b528c86a253d0680b84e4fd0cbef","138"
"0xf060ead8fd5ac396b4d8cce45286e481c62a05015e7df66bf7975b474e441d7a","11926423","1614257040","2021-02-25 12:44:00","0x9c209c3d07b1b528c86a253d0680b84e4fd0cbef","0x702485e4d4a87f72f635eba16091196cd09dd7dd","69"
"0x69d611ba1424b2b1a009b8134c3501791d13840478f5ddd0837bbbbb175907b4","11926462","1614257421","2021-02-25 12:50:21","0x7dafeb1cee5a14ab5666729044acb5f46506dca1","0x394284739cc4e16a5d2faa971947fc06c951276d","138"
"0xa5dd7b46aaebdd4eb894eb1286c8a574cfab99292d9bee380eb759ab955a30d0","11926466","1614257490","2021-02-25 12:51:30","0x394284739cc4e16a5d2faa971947fc06c951276d","0x2993e1d02b11377f44455aedc618c705acbb0591","138"
"0xf03dff608bc708647f544f8d52313b8ea0405bae3afc655d34ddc27273d1dab0","11926474","1614257583","2021-02-25 12:53:03","0x7dafeb1cee5a14ab5666729044acb5f46506dca1","0x122bd0cdb8feb80591b70c76bddebe7241a05685","138"
"0xb0bb93184b6669cf9809c24d0dec4ca2690759c0d0abb93ac340a73426f8ed78","11926560","1614258993","2021-02-25 13:16:33","0x7dafeb1cee5a14ab5666729044acb5f46506dca1","0x2201838e2d5aa22da6b4cb4baef40561b59adf26","138"
"0x3cfaadf3c60505de118413bd767e3b40d15ed0f8aa638325ed66420383ac7258","11926641","1614260198","2021-02-25 13:36:38","0x2201838e2d5aa22da6b4cb4baef40561b59adf26","0xe9c398b68936750cbc4dc2f1fad99b9e97fa4530","69"
"0xe16c953a319d2cf5e280dbff3b62a0d4903de1c42109923a5a1739ab332661ab","11926682","1614260660","2021-02-25 13:44:20","0x2201838e2d5aa22da6b4cb4baef40561b59adf26","0x81aa6141923ea42fcaa763d9857418224d9b025a","69"
"0x5fdabf5247acbf03788e0692f44dff6099a56a76b4a8bea656115922a55dd33c","11926869","1614263028","2021-02-25 14:23:48","0x122bd0cdb8feb80591b70c76bddebe7241a05685","0x2993e1d02b11377f44455aedc618c705acbb0591","138"
"0xfb420e05bd18d9df7959cdcc8ec35410603e97d837dfc149546fe94f07bce2f7","11926890","1614263326","2021-02-25 14:28:46","0x7dafeb1cee5a14ab5666729044acb5f46506dca1","0x48d800fb00f7e01bc14b7d3c2dfaade8a1ca6974","138"
"0x96f53462bdbf4921c0ec52a0a602dab0d25f529439e1ebf0df2f06c83e67c5b8","11926897","1614263388","2021-02-25 14:29:48","0x48d800fb00f7e01bc14b7d3c2dfaade8a1ca6974","0x2993e1d02b11377f44455aedc618c705acbb0591","138"
"0xd8169bd77bb413c5cd2ad1676a1c46d82c23c456feac559a6fb4c3e9b8a20538","11926914","1614263587","2021-02-25 14:33:07","0x7dafeb1cee5a14ab5666729044acb5f46506dca1","0x81b8a61f1b345d9fb6963bcdea74d72cb5760600","138"
"0xeeb897ec485bcdb083cd7d33f2fda02eab3cc50c74e78975e070e3af5e4bc022","11926917","1614263624","2021-02-25 14:33:44","0x81b8a61f1b345d9fb6963bcdea74d72cb5760600","0x2993e1d02b11377f44455aedc618c705acbb0591","138"
"0x15908775b3cea48d3fbbef5a4d23597b21a30962d1c2d677623a81d5e33582e0","11926925","1614263702","2021-02-25 14:35:02","0x7dafeb1cee5a14ab5666729044acb5f46506dca1","0xed99808f05ba011cf391c3959149a4b1b4324088","138"
"0x24281d4972aad789f4ac0b07be10c520cc5067017ee45c63370f588927f36402","11926931","1614263738","2021-02-25 14:35:38","0xed99808f05ba011cf391c3959149a4b1b4324088","0x2993e1d02b11377f44455aedc618c705acbb0591","138"
"0x8ff3b469863f7e2df87fa6e9712bc52806498a72e32d449bad3cdf16d2aa4ba1","11926987","1614264569","2021-02-25 14:49:29","0x7dafeb1cee5a14ab5666729044acb5f46506dca1","0xf08961d8863c0535253061bcb7ec10034adacd60","138"
"0x20f2b10386ffcfba8fdbb4b72199108a9ae3757a3be67ca5eb887e920bd5798b","11926997","1614264708","2021-02-25 14:51:48","0xf08961d8863c0535253061bcb7ec10034adacd60","0x2993e1d02b11377f44455aedc618c705acbb0591","138"
"0x097595678472e9dff5cdcc29f4166775a60ff7e8b1abe0f5d15976e30601d3bc","11927009","1614264891","2021-02-25 14:54:51","0x7dafeb1cee5a14ab5666729044acb5f46506dca1","0x6552be7816f797945120ee965b9903da3f0c4845","138"
"0x71d601eda4cac95d4f23860bb137de62b6af61c5ccc223c1a0e2dc7a5f7ca3c8","11927295","1614268887","2021-02-25 16:01:27","0xe715db8ffe482abb39a4594294d1632f35db77e8","0x6beaa0844013cb0376861d50b39e511d156e8b0e","69"
"0xf73adff7b7f22bf30e65b62de787d0cb1ce019c25014e7d1c7c52bc85a52f295","11927497","1614271736","2021-02-25 16:48:56","0x7dafeb1cee5a14ab5666729044acb5f46506dca1","0xb02f04feff5409e71e5885b38b7927e69bf7d3b0","138"
"0xa1148b43717a32163cb1f982a2fdc74e2b9da34bd686543cb36d4e4fcace03cd","11927689","1614274444","2021-02-25 17:34:04","0xb02f04feff5409e71e5885b38b7927e69bf7d3b0","0x6552be7816f797945120ee965b9903da3f0c4845","138"
"0x76b4ff0d27180dce3bc6f4518da72b03cda2d75d84c16e586315d6f91893c121","11928000","1614278463","2021-02-25 18:41:03","0x4b146025f9f8a993dfbb5305d0f1ea5da3e3e848","0x575ce2e6064ebfa82b8869c5399745e7d71580e4","69"
"0xb93e54d3aa2d182be3795f9021b505edf59888598efb466a8fe6e8379173c108","11928076","1614279384","2021-02-25 18:56:24","0x049808d5eaa90a2665b9703d2246dded34f1eb73","0x7aa69b5ee49c4d3170e037960ca6c83f61241395","69"
"0x213b130cc846fd1707a5d9778fffd4a6014ea4b13ed500a53efe0f847b44adec","11928182","1614280753","2021-02-25 19:19:13","0x7dafeb1cee5a14ab5666729044acb5f46506dca1","0x0de88909eea3e721b9b6e71fdf8bc38c552c1150","138"
"0x66afad74b0fee0e8746caf20664fd3dd64374350e93694d16c4a52659e809450","11928821","1614289080","2021-02-25 21:38:00","0xe32395e1e93928cc3e17152e5e79a3a3e705cbc4","0x9ecd3f09f4c6d9cf04728fc9de4feed87dfa4683","0"
"0x312982925afa020fa70bd60aad008dfde0c12a8d66eedc8ac659707d86b38cbf","11928855","1614289525","2021-02-25 21:45:25","0xe32395e1e93928cc3e17152e5e79a3a3e705cbc4","0x9ecd3f09f4c6d9cf04728fc9de4feed87dfa4683","69"
"0x9823618a9df2a7477f05079fcf564d1410dbbb400d2e204d8aa8737c68ad646a","11932448","1614337506","2021-02-26 11:05:06","0x98ae775b4e4fcc0991ea86748638860377a4b88d","0x3875881f52c1b030d1cf9a3ca29ec05b16d196b2","138"
"0x392adf2a046524e8ea66702d399cfadd37826566a94b1afb7123bbead67ade5b","11933135","1614346156","2021-02-26 13:29:16","0x7dafeb1cee5a14ab5666729044acb5f46506dca1","0x468c2dac680f0600bf8c86b6a8bbffc81f82f159","138"
"0xc0a56c7fdf31985605747f14e38fe53785c7cee2e98eff4ba19ee40708bc4fcb","11933144","1614346304","2021-02-26 13:31:44","0x7dafeb1cee5a14ab5666729044acb5f46506dca1","0xe64d330cc8654520815aa3ce90613d89b855e3a0","138"
"0x0b44a4059acae5e51434d13e4c1fe236a552a16267d1e2a5e6c80ca0aae3e0e3","11933199","1614347175","2021-02-26 13:46:15","0x7dafeb1cee5a14ab5666729044acb5f46506dca1","0xb98b88a09998b596648f41a4a27d0237eda58ba6","138"
"0xa1669768fe474021f5e765c03cd01350b5e56bafc08053b8aa9fc2263fb56739","11938684","1614420151","2021-02-27 10:02:31","0x4b146025f9f8a993dfbb5305d0f1ea5da3e3e848","0x9543a8ca8a31184ccb5ee2ba931cbce645aa5baa","0"
"0xdaa31f2475464fcd50dd4f07d89b43a0b5bb74db68c0d3af570dd3e2db56581f","11938781","1614421390","2021-02-27 10:23:10","0x4b146025f9f8a993dfbb5305d0f1ea5da3e3e848","0x6435e7611ba98a3885425f326875b1f014574bf9","69"
"0x33a41294c7427e6f2ecd0ed77e561a05801c3ff98c8ebc9469a44c8536c1548a","11939652","1614432935","2021-02-27 13:35:35","0x8c2b195e2c9e171545e4d37d8b7a0c5a338deea6","0x76f5b09eb90520ed4641cdc3b1035f587c816c5b","69"
"0x4b3d56a77adf61fedf63974596ed413056dd9ebf6a50827c337df8fcbb750933","11939676","1614433183","2021-02-27 13:39:43","0x59c8071f9f09b297afe65e5b748d7b67007f1c05","0xa51fa51788de0bc5b534ab4cba23f0329ec5512c","69"
"0x62ae5416f2570e98b732ecdaf0162e34b5fea0aacf17ca6965ec522db7d1ed0f","11945186","1614507164","2021-02-28 10:12:44","0x7dafeb1cee5a14ab5666729044acb5f46506dca1","0x6b7e219814045d0f45d7a78437495eaf714f797b","138"
"0x60d2434631c212b0e87359679a18e1457b09be989fe7213945b535dc8307c441","11947311","1614535444","2021-02-28 18:04:04","0x2f12c8a9e06943f33a9284a96291e145180c0b20","0x2219e393932e6002f8701b2713ad753f009c258a","138"
"0x59dbef35e9cb5d22bb56cb04078afcdf1b533912ef2e609362b5b345e8e35fec","11947327","1614535655","2021-02-28 18:07:35","0xc25ab7cd70c420782f22fc0473a4c90f788676db","0x2219e393932e6002f8701b2713ad753f009c258a","138"
"0xd33364d926d7d09b8084b3afcb1dca9cb17edb012830f3f93106f0659235c4dd","11947335","1614535788","2021-02-28 18:09:48","0xd3e7b87ff392426f74d1cb980d0e9a03e98f1648","0x2219e393932e6002f8701b2713ad753f009c258a","138"
"0x653c66d9427879aa1a54426e1e0b98067e88d048b930bbef49b9944c66f3da38","11947344","1614535938","2021-02-28 18:12:18","0x34808702e96ca4412e2df38f5fed3b72d2840e0f","0x2219e393932e6002f8701b2713ad753f009c258a","138"
"0x3a9e90a319e128e33ef119744d9b1cbd6fb55fe2d51d7f0f0f04065cacf3232b","11947366","1614536179","2021-02-28 18:16:19","0x974fea9c67c137a9b35a8acb6f1157327311bedb","0x2219e393932e6002f8701b2713ad753f009c258a","138"
"0x5f54b6d8ff5ff57fd7a12f5cdc4e04b282f1992450c2a7070fd2b8ceb2249480","11947373","1614536293","2021-02-28 18:18:13","0x2907795362b586586f7355eeec92e20942651f71","0x2219e393932e6002f8701b2713ad753f009c258a","138"
"0x31f3dad414dffbe081899365ed41a06d98eda30cf157b3d4cd8bf79c774d48ca","11947378","1614536359","2021-02-28 18:19:19","0x1caeb05950c88dc7d45af70994b13735fbb6cca3","0x2219e393932e6002f8701b2713ad753f009c258a","138"
"0xe2f12bed15a17e1f1eeca37f9ac0c01c717fcd9b26e1bd300a50bb066a607fe8","11947389","1614536442","2021-02-28 18:20:42","0xf227b37f3edd08ef1aca42c9525454c21a048fc7","0x2219e393932e6002f8701b2713ad753f009c258a","138"
"0x497ed4ec7dd31f21175c9dcb83d0f9dae87e5b24798d8ef4d349705b47136cdd","11947412","1614536721","2021-02-28 18:25:21","0x82532b5d2d419b321d023d3ac328058c4d46dd78","0x2219e393932e6002f8701b2713ad753f009c258a","138"
"0xffed665251ec94297ac1ebb8e4819909008457cc53d9f5932b851af9465468b9","11947416","1614536825","2021-02-28 18:27:05","0x9650a88500222adbe4401f5b85c8722f11952812","0x2219e393932e6002f8701b2713ad753f009c258a","138"
"0x75849bf3a44f86969b9047977469a33052359e430ac5a4e01dacd182e8696705","11947448","1614537246","2021-02-28 18:34:06","0x1b2ca10a88a845efe3e9124c3e708efe19c56b4c","0x2219e393932e6002f8701b2713ad753f009c258a","138"
"0x83b2451ba2d98d0a47af6f20779ce8654fb3609c0ca3e08983bce05a11c21fed","11947496","1614537808","2021-02-28 18:43:28","0x7257b76281c2e2b4b04a6e2ab867928535c32041","0x2219e393932e6002f8701b2713ad753f009c258a","138"
"0xd9023134609de9283a37dfd1a989dd4ce5499f99f7e8835cd750ac98c4f6f133","11947514","1614538050","2021-02-28 18:47:30","0x213e1ed543d27d1c91a47cf383304252f3969b3b","0x2219e393932e6002f8701b2713ad753f009c258a","69"
"0x8c466e22da84b9f16ef3bfd53b6aad34583a13859faec570445ee85f6d3eccc6","11947553","1614538433","2021-02-28 18:53:53","0x7dafeb1cee5a14ab5666729044acb5f46506dca1","0xad02b6d3f43e22289c20f2843832f5e6c22fd472","138"
"0x698ce3630ff64f57c0282b0f112bf9e20b20a4b473e226c51498533c9cb07a71","11950629","1614579075","2021-03-01 06:11:15","0x00000000005dbcb0d0513fcda746382fe8a53468","0x54021e58af1756dc70ce7034d7636de2d2f1fa74","69"
"0xf63d5295a0a230b62c5738f57de23e53b21e8f0f149b96b135d9db480dea9228","11954643","1614632548","2021-03-01 21:02:28","0xc31440748bc461217e19eda76aaf8145bf9a45bd","0x89a9b592ace42bd1663c11aec72d71395b6068ca","69"
"0x4ccd686ae0ea982ddef5ee981d4f582b129c473620282c7ada3226b543d51afc","11954675","1614632910","2021-03-01 21:08:30","0x7dafeb1cee5a14ab5666729044acb5f46506dca1","0x6c2b4491ed676950abb902b1020c6d65487c5b0b","138"
"0x69cb614566564863532fb3ed9afb99d2db854e3720032cde954a7a37b1aee80d","11954675","1614632910","2021-03-01 21:08:30","0x89a9b592ace42bd1663c11aec72d71395b6068ca","0xc31440748bc461217e19eda76aaf8145bf9a45bd","69"
"0xfbf2ec2b473632937c907cddfd2e9059c8ff617d476d620028def29ac0962704","11954815","1614634706","2021-03-01 21:38:26","0x7c2c586a9268a978b3aced45e3a986c129a5ef58","0x6d1df1933acb6a031d066a2dce668d4c877821fd","69"
"0x3f182522efcaef06e688bb1fdfcc9acfcf9985fd3c2a5111a8aecb98999dd4b6","11954935","1614636280","2021-03-01 22:04:40","0x7dafeb1cee5a14ab5666729044acb5f46506dca1","0x12290f5be2d5f0b5f26cbbcc2a7bd35e49528cf5","138"
"0xc93d7971a3bc63b2af8d0775928a55786732754f0cf4741e290530035478000e","11956891","1614662627","2021-03-02 05:23:47","0x7dafeb1cee5a14ab5666729044acb5f46506dca1","0x58104c6ba9d0ac1b5bd6ecaab37300e6b465a6ab","138"
"0x79414f3cf71f8bf135481caa4f5dc779d6adac75da04261ad56c19faea075a8a","11956917","1614662896","2021-03-02 05:28:16","0x5b85988f0032ee818f911ec969dd9c649caa0a14","0xd22df2fdeada92ba26293f7bd51ca3ab8f0019e1","69"
"0x20a2b201ce67cdc9fb273a775065c3f550f31ef23ec6532cf3d5f87037fbdd8b","11958590","1614685037","2021-03-02 11:37:17","0x7dafeb1cee5a14ab5666729044acb5f46506dca1","0x66a8d30d422afcc241acf8fc22d002c68f6b61a1","138"
"0xdeb8c98393e8024a109345e75f0b93c727640ef761256cdafc2832963fce5af7","11958601","1614685159","2021-03-02 11:39:19","0x66a8d30d422afcc241acf8fc22d002c68f6b61a1","0xcd815b9302bc6a828294ce6aa7c353b206997a4e","138"
"0x5c56d9859324287856a1605eb5f6fe0eb3ab78525bc75ec641c1212236944990","11959277","1614694375","2021-03-02 14:12:55","0x7dafeb1cee5a14ab5666729044acb5f46506dca1","0x0e7ed8997bfbcac99260b75badaf32d9f62f9700","138"
"0x42a784085de90c9ceb2379065acbd8cfa55b4664266cabfc46359d7a7fba2f20","11960777","1614713911","2021-03-02 19:38:31","0x7dafeb1cee5a14ab5666729044acb5f46506dca1","0xb7735a4875c9824e1043fb80d644e5a5930c6065","138"
"0x28bbc857a65d40a2db5c3c05151fbbd6f17acdafdb7e9e03fd5a9dc9e3e9d45d","11962935","1614743082","2021-03-03 03:44:42","0xd18c20fc319412f72c973b6f8b1933a1f81517fc","0x0c506b2b42b04a774d97e6ebcb526214dd0b5e37","69"
"0x656831f038456dcbc5c8e4c4dec95238c710654ae4429ddf68495207eab93be9","11963987","1614757304","2021-03-03 07:41:44","0x7dafeb1cee5a14ab5666729044acb5f46506dca1","0x134e92a15760cb592ae1c91be73896af653112f2","138"
"0x6831dd54f5d4d1a1512283914706e46efdcfbccb39b733eef165641f4ebd05c8","11967727","1614806774","2021-03-03 21:26:14","0x8637c0e4dc74ab7914e09a0d05613cb1f9732f01","0x6d9b8b78492dd1a6e6d30b66dc61e79a05bed9a0","69"
"0x56997346d147d272cbaa1c7ee10b6315f32f67dc01f61076e4d6f50e0dd09009","11968092","1614811811","2021-03-03 22:50:11","0x7dafeb1cee5a14ab5666729044acb5f46506dca1","0x4984c30f823f91d5e2c4477223b6434c90416f88","138"
"0xef357f0b9f85658b2967325d68c8a1ed58d242bf88f417ad95d732632d0a7e74","11979538","1614963397","2021-03-05 16:56:37","0x7dafeb1cee5a14ab5666729044acb5f46506dca1","0xa83c572c8072f3b11562f08b89d4f3077682acdb","138"
"0x19783cd97c61602746f5dc5af9f942bdf78a0018d8b050db4122f98ff989388b","11983048","1615009935","2021-03-06 05:52:15","0x54021e58af1756dc70ce7034d7636de2d2f1fa74","0x3ee4a408d933953571cea6615a55f2873ec8201d","69"
"0x5234692f379bd5987270f949dfd6ff65fe63e8db09a15d5ade6c0e39902d1513","12007418","1615334602","2021-03-10 00:03:22","0x7dafeb1cee5a14ab5666729044acb5f46506dca1","0x2f3dab3a10648fc29ea24d1ff00b513021ef7fe2","138"
"0x48435908f65f39e6625a14dfba44a5c56e832efa1ece8693e50f4c72c211abd7","12025599","1615577625","2021-03-12 19:33:45","0x7dafeb1cee5a14ab5666729044acb5f46506dca1","0x21d6630946d058041d47dfe34ed9d40bb2499a7a","138"
"0xc532ef628a30f12039be443831970de9c38962f666a5b368a71e35f5d51c91c3","12031354","1615653267","2021-03-13 16:34:27","0x3ee4a408d933953571cea6615a55f2873ec8201d","0x00000000005dbcb0d0513fcda746382fe8a53468","69"
"0xfb126d1398d804a03eee102051c0da94f205622a6b97e92fc84afc2d307846ba","12031472","1615654846","2021-03-13 17:00:46","0x7dafeb1cee5a14ab5666729044acb5f46506dca1","0x0b193945cf022c8965f5e1b9f9888ed2594e000d","138"
"0xcc8cfe4f5394328f0fe2907b1fec36ffbe852318ea916c648656441a6538db50","12032018","1615662301","2021-03-13 19:05:01","0x0c506b2b42b04a774d97e6ebcb526214dd0b5e37","0xbe4aa0296b2b217d03ddfff792675cfca96a95b4","69"
